,type,start_time,end_time,if_simple,data
0,1,5,41,FALSE,./data/1.png
1,3,10,48,FALSE,./data/1.png
2,14,13,87,FALSE,./data/1.png
3,19,40,282,FALSE,./data/1.png
4,1,44,80,FALSE,./data/1.png
5,7,44,111,FALSE,./data/1.png
6,8,66,134,FALSE,./data/1.png
7,4,69,108,FALSE,./data/1.png
8,3,69,107,FALSE,./data/1.png
9,5,76,116,FALSE,./data/1.png
10,13,93,166,FALSE,./data/1.png
11,1,96,132,FALSE,./data/1.png
12,3,109,147,FALSE,./data/1.png
13,18,113,354,FALSE,./data/1.png
14,12,121,193,FALSE,./data/1.png
15,1,140,176,FALSE,./data/1.png
16,3,142,180,FALSE,./data/1.png
17,1,149,185,FALSE,./data/1.png
18,1,149,185,FALSE,./data/1.png
19,3,180,218,FALSE,./data/1.png
20,2,190,227,FALSE,./data/1.png
21,1,197,233,FALSE,./data/1.png
22,1,197,233,FALSE,./data/1.png
23,1,197,233,FALSE,./data/1.png
24,1,250,286,FALSE,./data/1.png
25,19,272,514,FALSE,./data/1.png
26,4,281,320,FALSE,./data/1.png
27,1,284,320,FALSE,./data/1.png
28,6,313,354,FALSE,./data/1.png
29,7,314,381,FALSE,./data/1.png
30,1,322,358,FALSE,./data/1.png
31,4,327,366,FALSE,./data/1.png
32,2,361,398,FALSE,./data/1.png
33,13,385,458,FALSE,./data/1.png
34,9,431,500,FALSE,./data/1.png
35,5,439,479,FALSE,./data/1.png
36,3,443,481,FALSE,./data/1.png
37,2,448,485,FALSE,./data/1.png
38,8,453,521,FALSE,./data/1.png
39,2,476,513,FALSE,./data/1.png
40,1,477,513,FALSE,./data/1.png
41,16,495,734,FALSE,./data/1.png
42,7,536,603,FALSE,./data/1.png
43,19,539,781,FALSE,./data/1.png
44,6,550,591,FALSE,./data/1.png
45,2,550,587,FALSE,./data/1.png
46,3,553,591,FALSE,./data/1.png
47,1,554,590,FALSE,./data/1.png
48,1,590,626,FALSE,./data/1.png
49,2,591,628,FALSE,./data/1.png
50,1,603,639,FALSE,./data/1.png
51,5,607,647,FALSE,./data/1.png
52,2,612,649,FALSE,./data/1.png
53,6,656,697,FALSE,./data/1.png
54,2,693,730,FALSE,./data/1.png
55,10,694,764,FALSE,./data/1.png
56,5,694,734,FALSE,./data/1.png
57,1,697,733,FALSE,./data/1.png
58,3,702,740,FALSE,./data/1.png
59,9,703,772,FALSE,./data/1.png
60,5,704,744,FALSE,./data/1.png
61,4,738,777,FALSE,./data/1.png
62,3,758,796,FALSE,./data/1.png
63,10,765,835,FALSE,./data/1.png
64,16,768,1007,FALSE,./data/1.png
65,5,776,816,FALSE,./data/1.png
66,9,788,857,FALSE,./data/1.png
67,8,793,861,FALSE,./data/1.png
68,18,820,1061,FALSE,./data/1.png
69,3,831,869,FALSE,./data/1.png
70,4,837,876,FALSE,./data/1.png
71,9,843,912,FALSE,./data/1.png
72,2,847,884,FALSE,./data/1.png
73,1,879,915,FALSE,./data/1.png
74,1,892,928,FALSE,./data/1.png
75,1,894,930,FALSE,./data/1.png
76,3,908,946,FALSE,./data/1.png
77,3,908,946,FALSE,./data/1.png
78,5,915,955,FALSE,./data/1.png
79,3,916,954,FALSE,./data/1.png
80,1,919,955,FALSE,./data/1.png
81,4,928,967,FALSE,./data/1.png
82,2,945,982,FALSE,./data/1.png
83,1,950,986,FALSE,./data/1.png
84,9,957,1026,FALSE,./data/1.png
85,6,960,1001,FALSE,./data/1.png
86,17,967,1207,FALSE,./data/1.png
87,11,986,1057,FALSE,./data/1.png
88,2,987,1024,FALSE,./data/1.png
89,1,1017,1053,FALSE,./data/1.png
90,1,1019,1055,FALSE,./data/1.png
91,11,1024,1095,FALSE,./data/1.png
92,16,1046,1285,FALSE,./data/1.png
93,1,1069,1105,FALSE,./data/1.png
94,3,1089,1127,FALSE,./data/1.png
95,4,1089,1128,FALSE,./data/1.png
96,5,1102,1142,FALSE,./data/1.png
97,5,1106,1146,FALSE,./data/1.png
98,5,1121,1161,FALSE,./data/1.png
99,20,1125,1368,FALSE,./data/1.png
100,2,1133,1170,FALSE,./data/1.png
101,1,1153,1189,FALSE,./data/1.png
